Date,Title,Link,Type
：关于限制性股票回购注销完成的公告,http://file.finance.sina.com.cn/211.154.219.97:9494/MRGG/CNSESZ_STOCK/2018/2018-3/2018-03-27/4150855.PDF,其他
2018-03-24,科陆电子：关于重大资产重组停牌进展公告,http://file.finance.sina.com.cn/211.154.219.97:9494/MRGG/CNSESZ_STOCK/2018/2018-3/2018-03-24/4146569.PDF,其他
2018-03-21,科陆电子：关于部分股票期权注销完成的公告,http://file.finance.sina.com.cn/211.154.219.97:9494/MRGG/CNSESZ_STOCK/2018/2018-3/2018-03-21/4136497.PDF,其他
2018-03-17,科陆电子：关于重大资产重组停牌进展公告,http://file.finance.sina.com.cn/211.154.219.97:9494/MRGG/CNSESZ_STOCK/2018/2018-3/2018-03-17/4127537.PDF,其他
2018-03-16,科陆电子：2017年面向合格投资者公开发行公司债券（第一期）付息公告,http://file.finance.sina.com.cn/211.154.219.97:9494/MRGG/CNSESZ_STOCK/2018/2018-3/2018-03-16/4122928.PDF,其他
2018-03-10,科陆电子：关于重大资产重组停牌进展公告,http://file.finance.sina.com.cn/211.154.219.97:9494/MRGG/CNSESZ_STOCK/2018/2018-3/2018-03-10/4112708.PDF,其他
2018-03-07,科陆电子：鹏元关于关注公司重大资产重组事项的公告,http://file.finance.sina.com.cn/211.154.219.97:9494/MRGG/CNSESZ_STOCK/2018/2018-3/2018-03-07/4104267.PDF,其他
2018-03-07,科陆电子：2012年公司债券（第一期）兑付公告暨摘牌公告,http://file.finance.sina.com.cn/211.154.219.97:9494/MRGG/CNSESZ_STOCK/2018/2018-3/2018-03-07/4104266.PDF,其他
2018-03-06,科陆电子：兴业证券股份有限公司关于公司2017年度募集资金存放与使用情况的专项核查报告,http://file.finance.sina.com.cn/211.154.219.97:9494/MRGG/CNSESZ_STOCK/2018/2018-3/2018-03-06/4103677.PDF,其他
2018-03-06,科陆电子：兴业证券股份有限公司关于公司2017年度保荐工作报告,http://file.finance.sina.com.cn/211.154.219.97:9494/MRGG/CNSESZ_STOCK/2018/2018-3/2018-03-06/4103676.PDF,其他
2018-03-06,科陆电子：内部控制审计报告,http://file.finance.sina.com.cn/211.154.219.97:9494/MRGG/CNSESZ_STOCK/2018/2018-3/2018-03-06/4103675.PDF,其他
2018-03-06,科陆电子：内部控制规则落实自查表,http://file.finance.sina.com.cn/211.154.219.97:9494/MRGG/CNSESZ_STOCK/2018/2018-3/2018-03-06/4103674.PDF,其他
2018-03-06,科陆电子：募集资金存放与使用情况鉴证报告,http://file.finance.sina.com.cn/211.154.219.97:9494/MRGG/CNSESZ_STOCK/2018/2018-3/2018-03-06/4103673.PDF,其他
2018-03-06,科陆电子：控股股东及其他关联方资金占用情况的专项说明,http://file.finance.sina.com.cn/211.154.219.97:9494/MRGG/CNSESZ_STOCK/2018/2018-3/2018-03-06/4103672.PDF,其他
2018-03-06,科陆电子：债务融资工具信息披露事务管理制度（2018年3月）,http://file.finance.sina.com.cn/211.154.219.97:9494/MRGG/CNSESZ_STOCK/2018/2018-3/2018-03-06/4103671.PDF,其他
2018-03-06,科陆电子：关于追加2018年度公司及子公司向银行申请综合授信额度的公告,http://file.finance.sina.com.cn/211.154.219.97:9494/MRGG/CNSESZ_STOCK/2018/2018-3/2018-03-06/4103670.PDF,其他
2018-03-06,科陆电子：兴业证券股份有限公司关于公司内部控制规则落实自查表的核查意见,http://file.finance.sina.com.cn/211.154.219.97:9494/MRGG/CNSESZ_STOCK/2018/2018-3/2018-03-06/4103669.PDF,其他
2018-03-06,科陆电子：关于召开公司2017年年度股东大会的通知,http://file.finance.sina.com.cn/211.154.219.97:9494/MRGG/CNSESZ_STOCK/2018/2018-3/2018-03-06/4103668.PDF,股东大会
2018-03-06,科陆电子：关于为子公司提供担保的公告,http://file.finance.sina.com.cn/211.154.219.97:9494/MRGG/CNSESZ_STOCK/2018/2018-3/2018-03-06/4103667.PDF,其他
2018-03-06,科陆电子：2017年度投资者保护工作报告,http://file.finance.sina.com.cn/211.154.219.97:9494/MRGG/CNSESZ_STOCK/2018/2018-3/2018-03-06/4103666.PDF,其他
2018-03-06,科陆电子：独立董事2017年度述职报告（梁金华）,http://file.finance.sina.com.cn/211.154.219.97:9494/MRGG/CNSESZ_STOCK/2018/2018-3/2018-03-06/4103664.PDF,其他
2018-03-06,科陆电子：关于举行网上2017年度业绩说明会的通知,http://file.finance.sina.com.cn/211.154.219.97:9494/MRGG/CNSESZ_STOCK/2018/2018-3/2018-03-06/4103662.PDF,其他
2018-03-06,科陆电子：2017年度内部控制自我评价报告,http://file.finance.sina.com.cn/211.154.219.97:9494/MRGG/CNSESZ_STOCK/2018/2018-3/2018-03-06/4103661.PDF,其他
2018-03-06,科陆电子：独立董事2017年度述职报告（段忠）,http://file.finance.sina.com.cn/211.154.219.97:9494/MRGG/CNSESZ_STOCK/2018/2018-3/2018-03-06/4103660.PDF,其他
2018-03-06,科陆电子：关于会计政策变更的公告,http://file.finance.sina.com.cn/211.154.219.97:9494/MRGG/CNSESZ_STOCK/2018/2018-3/2018-03-06/4103658.PDF,其他
2018-03-06,科陆电子：2017年度监事会工作报告,http://file.finance.sina.com.cn/211.154.219.97:9494/MRGG/CNSESZ_STOCK/2018/2018-3/2018-03-06/4103657.PDF,监事会
2018-03-06,科陆电子：独立董事2017年度履行职责情况专项报告,http://file.finance.sina.com.cn/211.154.219.97:9494/MRGG/CNSESZ_STOCK/2018/2018-3/2018-03-06/4103656.PDF,其他
2018-03-06,科陆电子：关于核销坏账的公告,http://file.finance.sina.com.cn/211.154.219.97:9494/MRGG/CNSESZ_STOCK/2018/2018-3/2018-03-06/4103654.PDF,其他
2018-03-06,科陆电子：董事会关于2017年度募集资金存放与使用情况的专项报告,http://file.finance.sina.com.cn/211.154.219.97:9494/MRGG/CNSESZ_STOCK/2018/2018-3/2018-03-06/4103653.PDF,董事会
2018-03-06,科陆电子：关于百年金海2017年度业绩承诺实现情况的公告,http://file.finance.sina.com.cn/211.154.219.97:9494/MRGG/CNSESZ_STOCK/2018/2018-3/2018-03-06/4103650.PDF,其他
2018-03-06,科陆电子：第六届监事会第二十三次会议决议的公告,http://file.finance.sina.com.cn/211.154.219.97:9494/MRGG/CNSESZ_STOCK/2018/2018-3/2018-03-06/4103648.PDF,监事会
2018-03-06,科陆电子：关于2018年度日常关联交易预计的公告,http://file.finance.sina.com.cn/211.154.219.97:9494/MRGG/CNSESZ_STOCK/2018/2018-3/2018-03-06/4103645.PDF,其他
2018-03-06,科陆电子：公司章程（2018年3月）,http://file.finance.sina.com.cn/211.154.219.97:9494/MRGG/CNSESZ_STOCK/2018/2018-3/2018-03-06/4103642.PDF,其他
2018-03-06,科陆电子：2017年社会责任报告,http://file.finance.sina.com.cn/211.154.219.97:9494/MRGG/CNSESZ_STOCK/2018/2018-3/2018-03-06/4103641.PDF,其他
2018-03-06,科陆电子：独立董事对公司相关事项的事前认可意见,http://file.finance.sina.com.cn/211.154.219.97:9494/MRGG/CNSESZ_STOCK/2018/2018-3/2018-03-06/4103639.PDF,其他
2018-03-06,科陆电子：2017年年度审计报告,http://file.finance.sina.com.cn/211.154.219.97:9494/MRGG/CNSESZ_STOCK/2018/2018-3/2018-03-06/4103638.PDF,其他
2018-03-06,科陆电子：独立董事对公司相关事项的独立意见,http://file.finance.sina.com.cn/211.154.219.97:9494/MRGG/CNSESZ_STOCK/2018/2018-3/2018-03-06/4103634.PDF,其他
2018-03-06,科陆电子：独立董事2017年度述职报告（盛宝军）,http://file.finance.sina.com.cn/211.154.219.97:9494/MRGG/CNSESZ_STOCK/2018/2018-3/2018-03-06/4103630.PDF,其他
2018-03-06,科陆电子：2017年年度报告,http://file.finance.sina.com.cn/211.154.219.97:9494/MRGG/CNSESZ_STOCK/2018/2018-3/2018-03-06/4103629.PDF,其他
2018-03-06,科陆电子：兴业证券股份有限公司关于公司2018年度关联交易预计的核查意见,http://file.finance.sina.com.cn/211.154.219.97:9494/MRGG/CNSESZ_STOCK/2018/2018-3/2018-03-06/4103625.PDF,其他
2018-03-06,科陆电子：第六届董事会第三十七次会议决议的公告,http://file.finance.sina.com.cn/211.154.219.97:9494/MRGG/CNSESZ_STOCK/2018/2018-3/2018-03-06/4103624.PDF,董事会
2018-03-06,科陆电子：兴业证券股份有限公司关于公司《2017年度内部控制自我评价报告》的核查意见,http://file.finance.sina.com.cn/211.154.219.97:9494/MRGG/CNSESZ_STOCK/2018/2018-3/2018-03-06/4103620.PDF,其他
2018-03-06,科陆电子：2017年年度报告摘要,http://file.finance.sina.com.cn/211.154.219.97:9494/MRGG/CNSESZ_STOCK/2018/2018-3/2018-03-06/4103619.PDF,其他
2018-03-03,科陆电子：关于重大资产重组进展暨延期复牌公告,http://file.finance.sina.com.cn/211.154.219.97:9494/MRGG/CNSESZ_STOCK/2018/2018-3/2018-03-03/4099996.PDF,其他
2018-03-01,科陆电子：长城证券股份有限公司关于公司债券临时受托管理事务报告,http://file.finance.sina.com.cn/211.154.219.97:9494/MRGG/CNSESZ_STOCK/2018/2018-3/2018-03-01/4093736.PDF,其他
2018-02-28,科陆电子：2017年度业绩快报,http://file.finance.sina.com.cn/211.154.219.97:9494/MRGG/CNSESZ_STOCK/2018/2018-2/2018-02-28/4091053.PDF,其他
2018-02-24,科陆电子：关于全资子公司重大诉讼事项一审判决结果的公告,http://file.finance.sina.com.cn/211.154.219.97:9494/MRGG/CNSESZ_STOCK/2018/2018-2/2018-02-24/4084290.PDF,其他
2018-02-24,科陆电子：关于筹划重大资产重组的停牌公告,http://file.finance.sina.com.cn/211.154.219.97:9494/MRGG/CNSESZ_STOCK/2018/2018-2/2018-02-24/4084288.PDF,其他
2018-02-12,科陆电子：广东志润律师事务所关于公司“17科陆01”2018年第一次债券持有人会议的法律意见书,http://file.finance.sina.com.cn/211.154.219.97:9494/MRGG/CNSESZ_STOCK/2018/2018-2/2018-02-12/4071308.PDF,其他
2018-02-12,科陆电子：北京国枫（深圳）律师事务所关于公司“14科陆01”2018年第一次债券持有人会议的法律意见书,http://file.finance.sina.com.cn/211.154.219.97:9494/MRGG/CNSESZ_STOCK/2018/2018-2/2018-02-12/4071302.PDF,其他
2018-02-12,科陆电子：北京国枫（深圳）律师事务所关于公司“12科陆01”2018年第一次债券持有人会议的法律意见书,http://file.finance.sina.com.cn/211.154.219.97:9494/MRGG/CNSESZ_STOCK/2018/2018-2/2018-02-12/4071296.PDF,其他
2018-02-12,科陆电子：“17科陆01”2018年第一次债券持有人会议决议公告,http://file.finance.sina.com.cn/211.154.219.97:9494/MRGG/CNSESZ_STOCK/2018/2018-2/2018-02-12/4071290.PDF,其他
2018-02-12,科陆电子：“14科陆01”2018年第一次债券持有人会议决议公告,http://file.finance.sina.com.cn/211.154.219.97:9494/MRGG/CNSESZ_STOCK/2018/2018-2/2018-02-12/4071284.PDF,其他
2018-02-12,科陆电子：“12科陆01”2018年第一次债券持有人会议决议公告,http://file.finance.sina.com.cn/211.154.219.97:9494/MRGG/CNSESZ_STOCK/2018/2018-2/2018-02-12/4071279.PDF,其他
2018-02-10,科陆电子：重大事项停牌进展公告,http://file.finance.sina.com.cn/211.154.219.97:9494/MRGG/CNSESZ_STOCK/2018/2018-2/2018-02-10/4070564.PDF,其他
2018-02-08,科陆电子：2018年第二次临时股东大会决议公告,http://file.finance.sina.com.cn/211.154.219.97:9494/MRGG/CNSESZ_STOCK/2018/2018-2/2018-02-08/4060188.PDF,股东大会
2018-02-08,科陆电子：2018年第二次临时股东大会的法律意见书,http://file.finance.sina.com.cn/211.154.219.97:9494/MRGG/CNSESZ_STOCK/2018/2018-2/2018-02-08/4060186.PDF,股东大会
2018-02-06,科陆电子：关于对深圳证券交易所问询函回复的公告,http://file.finance.sina.com.cn/211.154.219.97:9494/MRGG/CNSESZ_STOCK/2018/2018-2/2018-02-06/4052795.PDF,其他
2018-02-03,科陆电子：重大事项停牌公告,http://file.finance.sina.com.cn/211.154.219.97:9494/MRGG/CNSESZ_STOCK/2018/2018-2/2018-02-03/4049772.PDF,其他
2018-01-30,科陆电子：关于公司部分董事、高级管理人员自愿延长股份限售期的公告,http://file.finance.sina.com.cn/211.154.219.97:9494/MRGG/CNSESZ_STOCK/2018/2018-1/2018-01-30/4038114.PDF,其他
2018-01-29,科陆电子：关于股票期权与限制性股票激励计划预留部分股票期权第二次行权期采取自主行权模式的提示性公告,http://file.finance.sina.com.cn/211.154.219.97:9494/MRGG/CNSESZ_STOCK/2018/2018-1/2018-01-29/4035908.PDF,其他
2018-01-26,科陆电子：关于股权激励计划限制性股票预留部分第二次解锁股份上市流通的提示性公告,http://file.finance.sina.com.cn/211.154.219.97:9494/MRGG/CNSESZ_STOCK/2018/2018-1/2018-01-26/4031226.PDF,其他
2018-01-25,科陆电子：关于召开“17科陆01”2018年第一次债券持有人会议通知,http://file.finance.sina.com.cn/211.154.219.97:9494/MRGG/CNSESZ_STOCK/2018/2018-1/2018-01-25/4029107.PDF,其他
2018-01-25,科陆电子：关于召开“14科陆01”2018年第一次债券持有人会议的通知,http://file.finance.sina.com.cn/211.154.219.97:9494/MRGG/CNSESZ_STOCK/2018/2018-1/2018-01-25/4029106.PDF,其他
2018-01-25,科陆电子：关于召开“12科陆01”2018年第一次债券持有人会议的通知,http://file.finance.sina.com.cn/211.154.219.97:9494/MRGG/CNSESZ_STOCK/2018/2018-1/2018-01-25/4029105.PDF,其他
2018-01-24,科陆电子：关于向国联信托股份有限公司申请不超过5亿元信托融资的补充公告,http://file.finance.sina.com.cn/211.154.219.97:9494/MRGG/CNSESZ_STOCK/2018/2018-1/2018-01-24/4026919.PDF,其他
2018-01-23,科陆电子：关于召开公司2018年第二次临时股东大会的通知,http://file.finance.sina.com.cn/211.154.219.97:9494/MRGG/CNSESZ_STOCK/2018/2018-1/2018-01-23/4024416.PDF,股东大会
2018-01-23,科陆电子：关于向国联信托股份有限公司申请不超过5亿元信托融资的公告,http://file.finance.sina.com.cn/211.154.219.97:9494/MRGG/CNSESZ_STOCK/2018/2018-1/2018-01-23/4024414.PDF,其他
2018-01-23,科陆电子：关于为子公司提供担保的公告,http://file.finance.sina.com.cn/211.154.219.97:9494/MRGG/CNSESZ_STOCK/2018/2018-1/2018-01-23/4024412.PDF,其他
2018-01-23,科陆电子：关于拟发行超短期融资券的公告,http://file.finance.sina.com.cn/211.154.219.97:9494/MRGG/CNSESZ_STOCK/2018/2018-1/2018-01-23/4024410.PDF,其他
2018-01-23,科陆电子：关于2018年度公司及子公司向银行申请综合授信额度的公告,http://file.finance.sina.com.cn/211.154.219.97:9494/MRGG/CNSESZ_STOCK/2018/2018-1/2018-01-23/4024408.PDF,其他
2018-01-23,科陆电子：独立董事对公司第六届董事会第三十六次（临时）会议相关事项的独立意见,http://file.finance.sina.com.cn/211.154.219.97:9494/MRGG/CNSESZ_STOCK/2018/2018-1/2018-01-23/4024406.PDF,董事会
2018-01-23,科陆电子：第六届董事会第三十六次（临时）会议决议的公告,http://file.finance.sina.com.cn/211.154.219.97:9494/MRGG/CNSESZ_STOCK/2018/2018-1/2018-01-23/4024404.PDF,董事会
2018-01-22,科陆电子：关于公司部分董事、高级管理人员及其他核心管理人员计划增持公司股份的公告,http://file.finance.sina.com.cn/211.154.219.97:9494/MRGG/CNSESZ_STOCK/2018/2018-1/2018-01-22/4021399.PDF,其他
2018-01-16,科陆电子：2018年第一次临时股东大会决议公告,http://file.finance.sina.com.cn/211.154.219.97:9494/MRGG/CNSESZ_STOCK/2018/2018-1/2018-01-16/4009555.PDF,股东大会
2018-01-16,科陆电子：2018年第一次临时股东大会的法律意见书,http://file.finance.sina.com.cn/211.154.219.97:9494/MRGG/CNSESZ_STOCK/2018/2018-1/2018-01-16/4009554.PDF,股东大会
2018-01-08,科陆电子：兴业证券股份有限公司关于公司2017年现场检查报告,http://file.finance.sina.com.cn/211.154.219.97:9494/MRGG/CNSESZ_STOCK/2018/2018-1/2018-01-08/3992365.PDF,其他
2018-01-08,科陆电子：兴业证券股份有限公司关于公司2017年度持续督导培训情况的报告,http://file.finance.sina.com.cn/211.154.219.97:9494/MRGG/CNSESZ_STOCK/2018/2018-1/2018-01-08/3992360.PDF,其他
2018-01-08,科陆电子：关于签署储能项目合同的公告,http://file.finance.sina.com.cn/211.154.219.97:9494/MRGG/CNSESZ_STOCK/2018/2018-1/2018-01-08/3992355.PDF,其他
2018-01-03,科陆电子：关于增加指定信息披露媒体的公告,http://file.finance.sina.com.cn/211.154.219.97:9494/MRGG/CNSESZ_STOCK/2018/2018-1/2018-01-03/3983444.PDF,其他
2018-01-03,科陆电子：关于公司监事减持计划期限届满暨实施情况的公告,http://file.finance.sina.com.cn/211.154.219.97:9494/MRGG/CNSESZ_STOCK/2018/2018-1/2018-01-03/3983442.PDF,其他
2017-12-29,科陆电子：兴业证券股份有限公司关于公司增资上海卡耐新能源有限公司事项的核查意见,http://file.finance.sina.com.cn/211.154.219.97:9494/MRGG/CNSESZ_STOCK/2017/2017-12/2017-12-29/3974859.PDF,其他
2017-12-29,科陆电子：关于召开公司2018年第一次临时股东大会的通知,http://file.finance.sina.com.cn/211.154.219.97:9494/MRGG/CNSESZ_STOCK/2017/2017-12/2017-12-29/3974856.PDF,股东大会
2017-12-29,科陆电子：关于增资上海卡耐新能源有限公司暨关联交易的公告,http://file.finance.sina.com.cn/211.154.219.97:9494/MRGG/CNSESZ_STOCK/2017/2017-12/2017-12-29/3974854.PDF,其他
2017-12-29,科陆电子：独立董事对公司相关事项的事前认可意见,http://file.finance.sina.com.cn/211.154.219.97:9494/MRGG/CNSESZ_STOCK/2017/2017-12/2017-12-29/3974851.PDF,其他
2017-12-29,科陆电子：独立董事对公司第六届董事会第三十五次（临时）会议相关事项的独立意见,http://file.finance.sina.com.cn/211.154.219.97:9494/MRGG/CNSESZ_STOCK/2017/2017-12/2017-12-29/3974847.PDF,董事会
2017-12-29,科陆电子：第六届监事会第二十二次（临时）会议决议的公告,http://file.finance.sina.com.cn/211.154.219.97:9494/MRGG/CNSESZ_STOCK/2017/2017-12/2017-12-29/3974844.PDF,监事会
2017-12-29,科陆电子：第六届董事会第三十五次（临时）会议决议的公告,http://file.finance.sina.com.cn/211.154.219.97:9494/MRGG/CNSESZ_STOCK/2017/2017-12/2017-12-29/3974841.PDF,董事会
2017-12-26,科陆电子：关于收到百年金海2016年度业绩补偿款的公告,http://file.finance.sina.com.cn/211.154.219.97:9494/MRGG/CNSESZ_STOCK/2017/2017-12/2017-12-26/3961859.PDF,其他
2017-12-23,科陆电子：独立董事对公司第六届董事会第三十四次（临时）会议相关事项的独立意见,http://file.finance.sina.com.cn/211.154.219.97:9494/MRGG/CNSESZ_STOCK/2017/2017-12/2017-12-23/3958692.PDF,董事会
2017-12-23,科陆电子：第六届监事会第二十一次（临时）会议决议的公告,http://file.finance.sina.com.cn/211.154.219.97:9494/MRGG/CNSESZ_STOCK/2017/2017-12/2017-12-23/3958689.PDF,监事会
2017-12-23,科陆电子：第六届董事会第三十四次（临时）会议决议的公告,http://file.finance.sina.com.cn/211.154.219.97:9494/MRGG/CNSESZ_STOCK/2017/2017-12/2017-12-23/3958686.PDF,董事会
2017-12-23,科陆电子：北京国枫律师事务所关于公司股票期权与限制性股票激励计划之行权解锁和调整及回购注销事项的法律意见书,http://file.finance.sina.com.cn/211.154.219.97:9494/MRGG/CNSESZ_STOCK/2017/2017-12/2017-12-23/3958682.PDF,其他
2017-12-23,科陆电子：2017年第十次临时股东大会决议公告,http://file.finance.sina.com.cn/211.154.219.97:9494/MRGG/CNSESZ_STOCK/2017/2017-12/2017-12-23/3958679.PDF,股东大会
2017-12-23,科陆电子：减资公告,http://file.finance.sina.com.cn/211.154.219.97:9494/MRGG/CNSESZ_STOCK/2017/2017-12/2017-12-23/3958678.PDF,其他
2017-12-23,科陆电子：2017年第十次临时股东大会的法律意见书,http://file.finance.sina.com.cn/211.154.219.97:9494/MRGG/CNSESZ_STOCK/2017/2017-12/2017-12-23/3958676.PDF,股东大会
2017-12-23,科陆电子：关于受让上海卡耐新能源有限公司部分股权的公告,http://file.finance.sina.com.cn/211.154.219.97:9494/MRGG/CNSESZ_STOCK/2017/2017-12/2017-12-23/3958675.PDF,其他
2017-12-23,科陆电子：关于股票期权与限制性股票激励计划预留部分第二次行权/解锁期行权/解锁条件成就的公告,http://file.finance.sina.com.cn/211.154.219.97:9494/MRGG/CNSESZ_STOCK/2017/2017-12/2017-12-23/3958672.PDF,其他
2017-12-23,科陆电子：关于对股票期权与限制性股票激励计划预留部分涉及的权益数量进行调整的公告,http://file.finance.sina.com.cn/211.154.219.97:9494/MRGG/CNSESZ_STOCK/2017/2017-12/2017-12-23/3958670.PDF,其他
2017-12-23,科陆电子：关于对股票期权与限制性股票激励计划部分激励股份回购注销的公告,http://file.finance.sina.com.cn/211.154.219.97:9494/MRGG/CNSESZ_STOCK/2017/2017-12/2017-12-23/3958667.PDF,其他
2017-12-23,科陆电子：公司章程（2017年12月）,http://file.finance.sina.com.cn/211.154.219.97:9494/MRGG/CNSESZ_STOCK/2017/2017-12/2017-12-23/3958664.PDF,其他
2017-12-20,科陆电子：关于公司控股股东股份质押及解除质押的公告,http://file.finance.sina.com.cn/211.154.219.97:9494/MRGG/CNSESZ_STOCK/2017/2017-12/2017-12-20/3949259.PDF,其他
2017-12-20,科陆电子：关于对深圳证券交易所问询函回复的公告,http://file.finance.sina.com.cn/211.154.219.97:9494/MRGG/CNSESZ_STOCK/2017/2017-12/2017-12-20/3949258.PDF,其他
2017-12-16,科陆电子：关于全资子公司诉讼事项一审判决结果的公告,http://file.finance.sina.com.cn/211.154.219.97:9494/MRGG/CNSESZ_STOCK/2017/2017-12/2017-12-16/3942254.PDF,其他
2017-12-15,科陆电子：关于董事长向全体员工发出买入公司股票倡议书的进展公告,http://file.finance.sina.com.cn/211.154.219.97:9494/MRGG/CNSESZ_STOCK/2017/2017-12/2017-12-15/3939540.PDF,其他
2017-12-12,科陆电子：2017年第九次临时股东大会决议公告,http://file.finance.sina.com.cn/211.154.219.97:9494/MRGG/CNSESZ_STOCK/2017/2017-12/2017-12-12/3928087.PDF,股东大会
2017-12-12,科陆电子：2017年第九次临时股东大会的法律意见书,http://file.finance.sina.com.cn/211.154.219.97:9494/MRGG/CNSESZ_STOCK/2017/2017-12/2017-12-12/3928084.PDF,股东大会
2017-12-09,科陆电子：关于经营合同预中标的提示性公告,http://file.finance.sina.com.cn/211.154.219.97:9494/MRGG/CNSESZ_STOCK/2017/2017-12/2017-12-09/3925054.PDF,其他
2017-12-08,科陆电子：项目中标公告,http://file.finance.sina.com.cn/211.154.219.97:9494/MRGG/CNSESZ_STOCK/2017/2017-12/2017-12-08/3920829.PDF,其他
2017-12-07,科陆电子：关于子公司使用自有资金进行投资理财的公告,http://file.finance.sina.com.cn/211.154.219.97:9494/MRGG/CNSESZ_STOCK/2017/2017-12/2017-12-07/3918973.PDF,其他
2017-12-07,科陆电子：关于召开公司2017年第十次临时股东大会的通知,http://file.finance.sina.com.cn/211.154.219.97:9494/MRGG/CNSESZ_STOCK/2017/2017-12/2017-12-07/3918972.PDF,股东大会
2017-12-07,科陆电子：关于发行公司债券预案的公告,http://file.finance.sina.com.cn/211.154.219.97:9494/MRGG/CNSESZ_STOCK/2017/2017-12/2017-12-07/3918971.PDF,其他
2017-12-07,科陆电子：独立董事对公司第六届董事会第三十三次（临时）会议相关事项的独立意见,http://file.finance.sina.com.cn/211.154.219.97:9494/MRGG/CNSESZ_STOCK/2017/2017-12/2017-12-07/3918970.PDF,董事会
2017-12-07,科陆电子：第六届董事会第三十三次（临时）会议决议的公告,http://file.finance.sina.com.cn/211.154.219.97:9494/MRGG/CNSESZ_STOCK/2017/2017-12/2017-12-07/3918969.PDF,董事会
2017-12-06,科陆电子：关于签署储能项目合同的公告,http://file.finance.sina.com.cn/211.154.219.97:9494/MRGG/CNSESZ_STOCK/2017/2017-12/2017-12-06/3916350.PDF,其他
2017-12-06,科陆电子：关于董事长向全体员工发出买入公司股票倡议书的公告,http://file.finance.sina.com.cn/211.154.219.97:9494/MRGG/CNSESZ_STOCK/2017/2017-12/2017-12-06/3916349.PDF,其他
2017-12-01,科陆电子：关于收到中标通知书的公告,http://file.finance.sina.com.cn/211.154.219.97:9494/MRGG/CNSESZ_STOCK/2017/2017-12/2017-12-01/3905531.PDF,其他
2017-12-01,科陆电子：关于公司控股股东股份质押及解除质押的公告,http://file.finance.sina.com.cn/211.154.219.97:9494/MRGG/CNSESZ_STOCK/2017/2017-12/2017-12-01/3905530.PDF,其他
2017-11-25,科陆电子：关于为子公司提供担保的公告,http://file.finance.sina.com.cn/211.154.219.97:9494/MRGG/CNSESZ_STOCK/2017/2017-11/2017-11-25/3894496.PDF,其他
2017-11-25,科陆电子：关于为参股子公司提供关联担保的公告,http://file.finance.sina.com.cn/211.154.219.97:9494/MRGG/CNSESZ_STOCK/2017/2017-11/2017-11-25/3894495.PDF,其他
2017-11-25,科陆电子：关于控股子公司开展融资租赁业务的公告,http://file.finance.sina.com.cn/211.154.219.97:9494/MRGG/CNSESZ_STOCK/2017/2017-11/2017-11-25/3894494.PDF,其他
2017-11-25,科陆电子：关于公司被认定为“国家技术创新示范企业”的公告,http://file.finance.sina.com.cn/211.154.219.97:9494/MRGG/CNSESZ_STOCK/2017/2017-11/2017-11-25/3894493.PDF,其他
2017-11-25,科陆电子：独立董事对公司相关事项的事前认可意见,http://file.finance.sina.com.cn/211.154.219.97:9494/MRGG/CNSESZ_STOCK/2017/2017-11/2017-11-25/3894492.PDF,其他
2017-11-25,科陆电子：独立董事对公司第六届董事会第三十二次（临时）会议相关事项的独立意见,http://file.finance.sina.com.cn/211.154.219.97:9494/MRGG/CNSESZ_STOCK/2017/2017-11/2017-11-25/3894489.PDF,董事会
2017-11-25,科陆电子：兴业证券股份有限公司关于公司增加2017年度日常关联交易预计的核查意见,http://file.finance.sina.com.cn/211.154.219.97:9494/MRGG/CNSESZ_STOCK/2017/2017-11/2017-11-25/3894488.PDF,其他
2017-11-25,科陆电子：第六届监事会第二十次（临时）会议决议的公告,http://file.finance.sina.com.cn/211.154.219.97:9494/MRGG/CNSESZ_STOCK/2017/2017-11/2017-11-25/3894486.PDF,监事会
2017-11-25,科陆电子：兴业证券股份有限公司关于公司为参股子公司提供关联担保的核查意见,http://file.finance.sina.com.cn/211.154.219.97:9494/MRGG/CNSESZ_STOCK/2017/2017-11/2017-11-25/3894484.PDF,其他
2017-11-25,科陆电子：第六届董事会第三十二次（临时）会议决议的公告,http://file.finance.sina.com.cn/211.154.219.97:9494/MRGG/CNSESZ_STOCK/2017/2017-11/2017-11-25/3894482.PDF,董事会
2017-11-25,科陆电子：关于追加2017年度公司及子公司向银行申请综合授信额度的公告,http://file.finance.sina.com.cn/211.154.219.97:9494/MRGG/CNSESZ_STOCK/2017/2017-11/2017-11-25/3894480.PDF,其他
2017-11-25,科陆电子：关于召开公司2017年第九次临时股东大会的通知,http://file.finance.sina.com.cn/211.154.219.97:9494/MRGG/CNSESZ_STOCK/2017/2017-11/2017-11-25/3894479.PDF,股东大会
2017-11-25,科陆电子：关于增加2017年度日常关联交易预计的公告,http://file.finance.sina.com.cn/211.154.219.97:9494/MRGG/CNSESZ_STOCK/2017/2017-11/2017-11-25/3894476.PDF,其他
2017-11-15,科陆电子：关于收到中标通知书的公告,http://file.finance.sina.com.cn/211.154.219.97:9494/MRGG/CNSESZ_STOCK/2017/2017-11/2017-11-15/3872360.PDF,其他
2017-11-15,科陆电子：关于公司监事减持股份计划实施的进展公告,http://file.finance.sina.com.cn/211.154.219.97:9494/MRGG/CNSESZ_STOCK/2017/2017-11/2017-11-15/3872359.PDF,其他
2017-11-08,科陆电子：关于全资子公司诉讼事项公告,http://file.finance.sina.com.cn/211.154.219.97:9494/MRGG/CNSESZ_STOCK/2017/2017-11/2017-11-08/3859935.PDF,其他
2017-11-08,科陆电子：关于签订储能电池包系统合同的公告,http://file.finance.sina.com.cn/211.154.219.97:9494/MRGG/CNSESZ_STOCK/2017/2017-11/2017-11-08/3859933.PDF,其他
2017-11-04,科陆电子：2017年第八次临时股东大会决议公告,http://file.finance.sina.com.cn/211.154.219.97:9494/MRGG/CNSESZ_STOCK/2017/2017-11/2017-11-04/3854256.PDF,股东大会
2017-11-04,科陆电子：2017年第八次临时股东大会的法律意见书,http://file.finance.sina.com.cn/211.154.219.97:9494/MRGG/CNSESZ_STOCK/2017/2017-11/2017-11-04/3854255.PDF,股东大会
2017-10-27,科陆电子：关于收到中标通知书的公告,http://file.finance.sina.com.cn/211.154.219.97:9494/MRGG/CNSESZ_STOCK/2017/2017-10/2017-10-27/3830152.PDF,其他
2017-10-26,科陆电子：2017年第三季度报告正文,http://file.finance.sina.com.cn/211.154.219.97:9494/MRGG/CNSESZ_STOCK/2017/2017-10/2017-10-26/3826691.PDF,其他
2017-10-26,科陆电子：2017年第三季度报告全文,http://file.finance.sina.com.cn/211.154.219.97:9494/MRGG/CNSESZ_STOCK/2017/2017-10/2017-10-26/3826690.PDF,其他
2017-10-24,科陆电子：关于签署储能项目合同的补充公告,http://file.finance.sina.com.cn/211.154.219.97:9494/MRGG/CNSESZ_STOCK/2017/2017-10/2017-10-24/3819754.PDF,其他
2017-10-23,科陆电子：关于签署储能项目合同的公告,http://file.finance.sina.com.cn/211.154.219.97:9494/MRGG/CNSESZ_STOCK/2017/2017-10/2017-10-23/3816711.PDF,其他
2017-10-19,科陆电子：中国汽车技术研究中心拟增资扩股项目涉及上海卡耐新能源有限公司股东全部权益价值资产评估报告,http://file.finance.sina.com.cn/211.154.219.97:9494/MRGG/CNSESZ_STOCK/2017/2017-10/2017-10-19/3810975.PDF,其他
2017-10-18,科陆电子：独立董事对公司第六届董事会第三十次（临时）会议相关事项的独立意见,http://file.finance.sina.com.cn/211.154.219.97:9494/MRGG/CNSESZ_STOCK/2017/2017-10/2017-10-18/3808717.PDF,董事会
2017-10-18,科陆电子：第六届董事会第三十次（临时）会议决议的公告,http://file.finance.sina.com.cn/211.154.219.97:9494/MRGG/CNSESZ_STOCK/2017/2017-10/2017-10-18/3808715.PDF,董事会
2017-10-18,科陆电子：关于追加2017年度公司及子公司向银行申请综合授信额度的公告,http://file.finance.sina.com.cn/211.154.219.97:9494/MRGG/CNSESZ_STOCK/2017/2017-10/2017-10-18/3808703.PDF,其他
2017-10-18,科陆电子：关于召开公司2017年第八次临时股东大会的通知,http://file.finance.sina.com.cn/211.154.219.97:9494/MRGG/CNSESZ_STOCK/2017/2017-10/2017-10-18/3808700.PDF,股东大会
2017-10-18,科陆电子：关于为子公司提供担保的公告,http://file.finance.sina.com.cn/211.154.219.97:9494/MRGG/CNSESZ_STOCK/2017/2017-10/2017-10-18/3808696.PDF,其他
2017-10-18,科陆电子：关于受让上海卡耐新能源有限公司部分股权的公告,http://file.finance.sina.com.cn/211.154.219.97:9494/MRGG/CNSESZ_STOCK/2017/2017-10/2017-10-18/3808693.PDF,其他
2017-10-14,科陆电子：关于全资子公司诉讼事项执行情况的公告,http://file.finance.sina.com.cn/211.154.219.97:9494/MRGG/CNSESZ_STOCK/2017/2017-10/2017-10-14/3803156.PDF,其他
2017-10-14,科陆电子：2017年前三季度业绩预告修正公告,http://file.finance.sina.com.cn/211.154.219.97:9494/MRGG/CNSESZ_STOCK/2017/2017-10/2017-10-14/3803155.PDF,其他
2017-10-12,科陆电子：关于签订募集资金四方监管协议的公告,http://file.finance.sina.com.cn/211.154.219.97:9494/MRGG/CNSESZ_STOCK/2017/2017-10/2017-10-12/3797458.PDF,其他
2017-10-12,科陆电子：公司债券受托管理事务临时报告,http://file.finance.sina.com.cn/211.154.219.97:9494/MRGG/CNSESZ_STOCK/2017/2017-10/2017-10-12/3796854.PDF,其他
2017-10-10,科陆电子：鹏元关于关注公司2017年1-6月累计新增借款的公告,http://file.finance.sina.com.cn/211.154.219.97:9494/MRGG/CNSESZ_STOCK/2017/2017-10/2017-10-10/3791401.PDF,其他
2017-09-30,科陆电子：2017年第七次临时股东大会决议公告,http://file.finance.sina.com.cn/211.154.219.97:9494/MRGG/CNSESZ_STOCK/2017/2017-9/2017-09-30/3787973.PDF,股东大会
2017-09-30,科陆电子：2017年第七次临时股东大会的法律意见书,http://file.finance.sina.com.cn/211.154.219.97:9494/MRGG/CNSESZ_STOCK/2017/2017-9/2017-09-30/3787972.PDF,股东大会
2017-09-27,科陆电子：关于公司控股股东股份质押及解除质押的公告,http://file.finance.sina.com.cn/211.154.219.97:9494/MRGG/CNSESZ_STOCK/2017/2017-9/2017-09-27/3778653.PDF,其他
2017-09-22,科陆电子：关于2017年累计新增借款超过上年末净资产百分之二十的公告,http://file.finance.sina.com.cn/211.154.219.97:9494/MRGG/CNSESZ_STOCK/2017/2017-9/2017-09-22/3768356.PDF,其他
2017-09-22,科陆电子：长城证券股份有限公司关于公司公司债券临时受托管理事务报告,http://file.finance.sina.com.cn/211.154.219.97:9494/MRGG/CNSESZ_STOCK/2017/2017-9/2017-09-22/3768355.PDF,其他
2017-09-19,科陆电子：关于增加2017年第七次临时股东大会临时提案暨召开股东大会补充通知的公告,http://file.finance.sina.com.cn/211.154.219.97:9494/MRGG/CNSESZ_STOCK/2017/2017-9/2017-09-19/3762295.PDF,股东大会
2017-09-19,科陆电子：关于向安徽中鼎密封件股份有限公司转让北京国能电池科技有限公司部分股权的公告,http://file.finance.sina.com.cn/211.154.219.97:9494/MRGG/CNSESZ_STOCK/2017/2017-9/2017-09-19/3762294.PDF,其他
2017-09-19,科陆电子：关于为控股孙公司提供担保的公告,http://file.finance.sina.com.cn/211.154.219.97:9494/MRGG/CNSESZ_STOCK/2017/2017-9/2017-09-19/3762293.PDF,其他
2017-09-19,科陆电子：关于控股孙公司开展融资租赁业务的公告,http://file.finance.sina.com.cn/211.154.219.97:9494/MRGG/CNSESZ_STOCK/2017/2017-9/2017-09-19/3762292.PDF,其他
2017-09-19,科陆电子：独立董事对公司第六届董事会第二十九次（临时）会议相关事项的独立意见,http://file.finance.sina.com.cn/211.154.219.97:9494/MRGG/CNSESZ_STOCK/2017/2017-9/2017-09-19/3762291.PDF,董事会
2017-09-19,科陆电子：第六届董事会第二十九次（临时）会议决议的公告,http://file.finance.sina.com.cn/211.154.219.97:9494/MRGG/CNSESZ_STOCK/2017/2017-9/2017-09-19/3762290.PDF,董事会
2017-09-16,科陆电子：关于“14科陆01”投资者回售结果的公告,http://file.finance.sina.com.cn/211.154.219.97:9494/MRGG/CNSESZ_STOCK/2017/2017-9/2017-09-16/3757490.PDF,其他
2017-09-14,科陆电子：兴业证券股份有限公司关于公司调整部分募集资金投资项目实施主体的核查意见,http://file.finance.sina.com.cn/211.154.219.97:9494/MRGG/CNSESZ_STOCK/2017/2017-9/2017-09-14/3753298.PDF,其他
2017-09-14,科陆电子：关于转让北京国能电池科技有限公司部分股权的公告,http://file.finance.sina.com.cn/211.154.219.97:9494/MRGG/CNSESZ_STOCK/2017/2017-9/2017-09-14/3753297.PDF,其他
2017-09-14,科陆电子：关于召开公司2017年第七次临时股东大会的通知,http://file.finance.sina.com.cn/211.154.219.97:9494/MRGG/CNSESZ_STOCK/2017/2017-9/2017-09-14/3753296.PDF,股东大会
2017-09-14,科陆电子：关于调整股票期权与限制性股票激励计划股票期权行权价格的公告,http://file.finance.sina.com.cn/211.154.219.97:9494/MRGG/CNSESZ_STOCK/2017/2017-9/2017-09-14/3753295.PDF,其他
2017-09-14,科陆电子：关于调整部分募集资金投资项目实施主体的公告,http://file.finance.sina.com.cn/211.154.219.97:9494/MRGG/CNSESZ_STOCK/2017/2017-9/2017-09-14/3753294.PDF,其他
2017-09-14,科陆电子：独立董事对公司第六届董事会第二十八次（临时）会议相关事项的独立意见,http://file.finance.sina.com.cn/211.154.219.97:9494/MRGG/CNSESZ_STOCK/2017/2017-9/2017-09-14/3753293.PDF,董事会
2017-09-14,科陆电子：第六届监事会第十八次（临时）会议决议的公告,http://file.finance.sina.com.cn/211.154.219.97:9494/MRGG/CNSESZ_STOCK/2017/2017-9/2017-09-14/3753292.PDF,监事会
2017-09-14,科陆电子：第六届董事会第二十八次（临时）会议决议的公告,http://file.finance.sina.com.cn/211.154.219.97:9494/MRGG/CNSESZ_STOCK/2017/2017-9/2017-09-14/3753291.PDF,董事会
2017-09-14,科陆电子：北京国枫律师事务所关于公司股票期权与限制性股票激励计划之调整事项的法律意见书,http://file.finance.sina.com.cn/211.154.219.97:9494/MRGG/CNSESZ_STOCK/2017/2017-9/2017-09-14/3753290.PDF,其他
2017-09-13,科陆电子：2014年公司债券（第一期）2017年付息公告,http://file.finance.sina.com.cn/211.154.219.97:9494/MRGG/CNSESZ_STOCK/2017/2017-9/2017-09-13/3749158.PDF,其他
2017-09-12,科陆电子：关于“14科陆01”投资者回售申报情况的公告,http://file.finance.sina.com.cn/211.154.219.97:9494/MRGG/CNSESZ_STOCK/2017/2017-9/2017-09-12/3746511.PDF,其他
2017-09-06,科陆电子：关于储能AGC项目成功投运的公告,http://file.finance.sina.com.cn/211.154.219.97:9494/MRGG/CNSESZ_STOCK/2017/2017-9/2017-09-06/3736187.PDF,其他
2017-09-06,科陆电子：关于“14科陆01”票面利率不调整暨投资者回售实施办法的第三次提示性公告,http://file.finance.sina.com.cn/211.154.219.97:9494/MRGG/CNSESZ_STOCK/2017/2017-9/2017-09-06/3735927.PDF,其他
2017-09-05,科陆电子：关于全资子公司重大诉讼事项的公告,http://file.finance.sina.com.cn/211.154.219.97:9494/MRGG/CNSESZ_STOCK/2017/2017-9/2017-09-05/3733462.PDF,其他
2017-09-05,科陆电子：关于公司监事减持股份预披露公告,http://file.finance.sina.com.cn/211.154.219.97:9494/MRGG/CNSESZ_STOCK/2017/2017-9/2017-09-05/3732474.PDF,其他
2017-09-05,科陆电子：关于“14科陆01”票面利率不调整暨投资者回售实施办法的第二次提示性公告,http://file.finance.sina.com.cn/211.154.219.97:9494/MRGG/CNSESZ_STOCK/2017/2017-9/2017-09-05/3732473.PDF,其他
2017-09-04,科陆电子：关于“14科陆01”票面利率不调整暨投资者回售实施办法的第一次提示性公告,http://file.finance.sina.com.cn/211.154.219.97:9494/MRGG/CNSESZ_STOCK/2017/2017-9/2017-09-04/3731213.PDF,其他
2017-08-17,科陆电子：关于子公司仲裁事项调解结果公告,http://file.finance.sina.com.cn/211.154.219.97:9494/MRGG/CNSESZ_STOCK/2017/2017-8/2017-08-17/3641141.PDF,其他
2017-08-17,科陆电子：关于会计政策变更的公告,http://file.finance.sina.com.cn/211.154.219.97:9494/MRGG/CNSESZ_STOCK/2017/2017-8/2017-08-17/3641139.PDF,其他
2017-08-17,科陆电子：独立董事对公司相关事项的事前认可意见,http://file.finance.sina.com.cn/211.154.219.97:9494/MRGG/CNSESZ_STOCK/2017/2017-8/2017-08-17/3641137.PDF,其他
2017-08-17,科陆电子：独立董事对公司相关事项的独立意见,http://file.finance.sina.com.cn/211.154.219.97:9494/MRGG/CNSESZ_STOCK/2017/2017-8/2017-08-17/3641136.PDF,其他
2017-08-17,科陆电子：董事会关于2017年半年度募集资金存放与使用情况的专项报告,http://file.finance.sina.com.cn/211.154.219.97:9494/MRGG/CNSESZ_STOCK/2017/2017-8/2017-08-17/3641135.PDF,董事会
2017-08-17,科陆电子：第六届监事会第十七次会议决议的公告,http://file.finance.sina.com.cn/211.154.219.97:9494/MRGG/CNSESZ_STOCK/2017/2017-8/2017-08-17/3641133.PDF,监事会
2017-08-17,科陆电子：第六届董事会第二十七次会议决议的公告,http://file.finance.sina.com.cn/211.154.219.97:9494/MRGG/CNSESZ_STOCK/2017/2017-8/2017-08-17/3641131.PDF,董事会
2017-08-17,科陆电子：2017年半年度财务报告,http://file.finance.sina.com.cn/211.154.219.97:9494/MRGG/CNSESZ_STOCK/2017/2017-8/2017-08-17/3641127.PDF,其他
2017-08-17,科陆电子：2017年半年度报告摘要,http://file.finance.sina.com.cn/211.154.219.97:9494/MRGG/CNSESZ_STOCK/2017/2017-8/2017-08-17/3641124.PDF,其他
2017-08-17,科陆电子：信息披露委员会工作细则（2017年8月）,http://file.finance.sina.com.cn/211.154.219.97:9494/MRGG/CNSESZ_STOCK/2017/2017-8/2017-08-17/3641122.PDF,其他
2017-08-17,科陆电子：2017年半年度报告,http://file.finance.sina.com.cn/211.154.219.97:9494/MRGG/CNSESZ_STOCK/2017/2017-8/2017-08-17/3641121.PDF,其他
2017-08-08,科陆电子：2017年第六次临时股东大会决议公告,http://file.finance.sina.com.cn/211.154.219.97:9494/MRGG/CNSESZ_STOCK/2017/2017-8/2017-08-08/3613524.PDF,股东大会
2017-08-08,科陆电子：2017年第六次临时股东大会的法律意见书,http://file.finance.sina.com.cn/211.154.219.97:9494/MRGG/CNSESZ_STOCK/2017/2017-8/2017-08-08/3613521.PDF,股东大会
2017-08-03,科陆电子：关于重大经营合同中标的公告,http://file.finance.sina.com.cn/211.154.219.97:9494/MRGG/CNSESZ_STOCK/2017/2017-8/2017-08-03/3604406.PDF,其他
2017-07-20,科陆电子：关于召开公司2017年第六次临时股东大会的通知,http://file.finance.sina.com.cn/211.154.219.97:9494/MRGG/CNSESZ_STOCK/2017/2017-7/2017-07-20/3571700.PDF,股东大会
2017-07-20,科陆电子：关于增加2017年度日常关联交易预计的公告,http://file.finance.sina.com.cn/211.154.219.97:9494/MRGG/CNSESZ_STOCK/2017/2017-7/2017-07-20/3571699.PDF,其他
2017-07-20,科陆电子：关于为子公司提供担保的公告,http://file.finance.sina.com.cn/211.154.219.97:9494/MRGG/CNSESZ_STOCK/2017/2017-7/2017-07-20/3571698.PDF,其他
2017-07-20,科陆电子：关于为参股子公司提供关联担保的公告,http://file.finance.sina.com.cn/211.154.219.97:9494/MRGG/CNSESZ_STOCK/2017/2017-7/2017-07-20/3571697.PDF,其他
2017-07-20,科陆电子：关于拟签署投资意向协议暨关联交易的公告,http://file.finance.sina.com.cn/211.154.219.97:9494/MRGG/CNSESZ_STOCK/2017/2017-7/2017-07-20/3571696.PDF,其他
2017-07-20,科陆电子：关于控股子公司开展融资租赁业务的公告,http://file.finance.sina.com.cn/211.154.219.97:9494/MRGG/CNSESZ_STOCK/2017/2017-7/2017-07-20/3571695.PDF,其他
2017-07-20,科陆电子：兴业证券股份有限公司关于公司增加2017年度日常关联交易预计的核查意见,http://file.finance.sina.com.cn/211.154.219.97:9494/MRGG/CNSESZ_STOCK/2017/2017-7/2017-07-20/3571694.PDF,其他
2017-07-20,科陆电子：独立董事对公司相关事项的事前认可意见,http://file.finance.sina.com.cn/211.154.219.97:9494/MRGG/CNSESZ_STOCK/2017/2017-7/2017-07-20/3571693.PDF,其他
2017-07-20,科陆电子：兴业证券股份有限公司关于公司为参股子公司提供关联担保的核查意见,http://file.finance.sina.com.cn/211.154.219.97:9494/MRGG/CNSESZ_STOCK/2017/2017-7/2017-07-20/3571692.PDF,其他
2017-07-20,科陆电子：独立董事对公司第六届董事会第二十六次（临时）会议相关事项的独立意见,http://file.finance.sina.com.cn/211.154.219.97:9494/MRGG/CNSESZ_STOCK/2017/2017-7/2017-07-20/3571691.PDF,董事会
2017-07-20,科陆电子：兴业证券股份有限公司关于公司拟签署投资意向协议暨关联交易的核查意见,http://file.finance.sina.com.cn/211.154.219.97:9494/MRGG/CNSESZ_STOCK/2017/2017-7/2017-07-20/3571690.PDF,其他
2017-07-20,科陆电子：第六届监事会第十六次（临时）会议决议的公告,http://file.finance.sina.com.cn/211.154.219.97:9494/MRGG/CNSESZ_STOCK/2017/2017-7/2017-07-20/3571689.PDF,监事会
2017-07-20,科陆电子：关于追加2017年度公司及子公司向银行申请综合授信额度的公告,http://file.finance.sina.com.cn/211.154.219.97:9494/MRGG/CNSESZ_STOCK/2017/2017-7/2017-07-20/3571688.PDF,其他
2017-07-20,科陆电子：第六届董事会第二十六次（临时）会议决议的公告,http://file.finance.sina.com.cn/211.154.219.97:9494/MRGG/CNSESZ_STOCK/2017/2017-7/2017-07-20/3571687.PDF,董事会
2017-07-17,科陆电子：关于储能电站项目成功投运的公告,http://file.finance.sina.com.cn/211.154.219.97:9494/MRGG/CNSESZ_STOCK/2017/2017-7/2017-07-17/3563909.PDF,其他
2017-07-15,科陆电子：关于公司2016年年报问询函中有关事项的说明,http://file.finance.sina.com.cn/211.154.219.97:9494/MRGG/CNSESZ_STOCK/2017/2017-7/2017-07-15/3563049.PDF,其他
2017-07-15,科陆电子：关于对深圳证券交易所2016年年报问询函回复的公告,http://file.finance.sina.com.cn/211.154.219.97:9494/MRGG/CNSESZ_STOCK/2017/2017-7/2017-07-15/3563045.PDF,其他
2017-07-07,科陆电子：2016年度权益分派实施公告,http://file.finance.sina.com.cn/211.154.219.97:9494/MRGG/CNSESZ_STOCK/2017/2017-7/2017-07-07/3545002.PDF,其他
2017-07-05,科陆电子：关于海外项目中标的公告,http://file.finance.sina.com.cn/211.154.219.97:9494/MRGG/CNSESZ_STOCK/2017/2017-7/2017-07-05/3541342.PDF,其他
2017-07-05,科陆电子：关于公司控股股东股份质押及解除质押的公告,http://file.finance.sina.com.cn/211.154.219.97:9494/MRGG/CNSESZ_STOCK/2017/2017-7/2017-07-05/3541341.PDF,其他
2017-06-30,科陆电子：公司债券受托管理事务报告（2016年度）,http://file.finance.sina.com.cn/211.154.219.97:9494/MRGG/CNSESZ_STOCK/2017/2017-6/2017-06-30/3527634.PDF,其他
2017-06-28,科陆电子：关于重大经营合同中标的提示性公告,http://file.finance.sina.com.cn/211.154.219.97:9494/MRGG/CNSESZ_STOCK/2017/2017-6/2017-06-28/3522815.PDF,其他
2017-06-28,科陆电子：公司债券受托管理人报告（2016年度）,http://file.finance.sina.com.cn/211.154.219.97:9494/MRGG/CNSESZ_STOCK/2017/2017-6/2017-06-28/3520885.PDF,其他
2017-06-27,科陆电子：2017年第五次临时股东大会决议公告,http://file.finance.sina.com.cn/211.154.219.97:9494/MRGG/CNSESZ_STOCK/2017/2017-6/2017-06-27/3518588.PDF,股东大会
2017-06-27,科陆电子：2017年第五次临时股东大会的法律意见书,http://file.finance.sina.com.cn/211.154.219.97:9494/MRGG/CNSESZ_STOCK/2017/2017-6/2017-06-27/3518586.PDF,股东大会
2017-06-24,科陆电子：关于公司控股股东股份质押及解除质押的公告,http://file.finance.sina.com.cn/211.154.219.97:9494/MRGG/CNSESZ_STOCK/2017/2017-6/2017-06-24/3515439.PDF,其他
2017-06-24,科陆电子：关于全资子公司诉讼事项一审判决结果的公告,http://file.finance.sina.com.cn/211.154.219.97:9494/MRGG/CNSESZ_STOCK/2017/2017-6/2017-06-24/3515438.PDF,其他
2017-06-20,科陆电子：2017年第四次临时股东大会决议公告,http://file.finance.sina.com.cn/211.154.219.97:9494/MRGG/CNSESZ_STOCK/2017/2017-6/2017-06-20/3502919.PDF,股东大会
2017-06-20,科陆电子：2017年第四次临时股东大会的法律意见书,http://file.finance.sina.com.cn/211.154.219.97:9494/MRGG/CNSESZ_STOCK/2017/2017-6/2017-06-20/3502913.PDF,股东大会
2017-06-15,科陆电子：关于董事长向全体员工发出买入公司股票倡议书的补充公告（更新后）,http://file.finance.sina.com.cn/211.154.219.97:9494/MRGG/CNSESZ_STOCK/2017/2017-6/2017-06-15/3494989.PDF,其他
2017-06-15,科陆电子：更正公告,http://file.finance.sina.com.cn/211.154.219.97:9494/MRGG/CNSESZ_STOCK/2017/2017-6/2017-06-15/3494988.PDF,其他
2017-06-15,科陆电子：关于公司控股股东股份解除质押的公告,http://file.finance.sina.com.cn/211.154.219.97:9494/MRGG/CNSESZ_STOCK/2017/2017-6/2017-06-15/3494195.PDF,其他
2017-06-15,科陆电子：关于董事长向全体员工发出买入公司股票倡议书的补充公告（已取消）,http://file.finance.sina.com.cn/211.154.219.97:9494/MRGG/CNSESZ_STOCK/2017/2017-6/2017-06-15/3494194.PDF,其他
2017-06-14,科陆电子：拟转让股权项目涉及的深圳市科陆物联信息技术有限公司股东全部权益资产评估报告,http://file.finance.sina.com.cn/211.154.219.97:9494/MRGG/CNSESZ_STOCK/2017/2017-6/2017-06-14/3491793.PDF,其他
2017-06-10,科陆电子：兴业证券股份有限公司关于公司转让控股子公司股权暨关联交易的核查意见,http://file.finance.sina.com.cn/211.154.219.97:9494/MRGG/CNSESZ_STOCK/2017/2017-6/2017-06-10/3484563.PDF,其他
2017-06-10,科陆电子：关于转让控股子公司股权暨关联交易的公告,http://file.finance.sina.com.cn/211.154.219.97:9494/MRGG/CNSESZ_STOCK/2017/2017-6/2017-06-10/3484562.PDF,其他
2017-06-10,科陆电子：关于召开公司2017年第五次临时股东大会的通知,http://file.finance.sina.com.cn/211.154.219.97:9494/MRGG/CNSESZ_STOCK/2017/2017-6/2017-06-10/3484561.PDF,股东大会
2017-06-10,科陆电子：独立董事对公司相关事项的事前认可意见,http://file.finance.sina.com.cn/211.154.219.97:9494/MRGG/CNSESZ_STOCK/2017/2017-6/2017-06-10/3484560.PDF,其他
2017-06-10,科陆电子：独立董事对公司第六届董事会第二十五次（临时）会议相关事项的独立意见,http://file.finance.sina.com.cn/211.154.219.97:9494/MRGG/CNSESZ_STOCK/2017/2017-6/2017-06-10/3484559.PDF,董事会
2017-06-10,科陆电子：第六届监事会第十五次（临时）会议决议的公告,http://file.finance.sina.com.cn/211.154.219.97:9494/MRGG/CNSESZ_STOCK/2017/2017-6/2017-06-10/3484558.PDF,监事会
2017-06-10,科陆电子：第六届董事会第二十五次（临时）会议决议的公告,http://file.finance.sina.com.cn/211.154.219.97:9494/MRGG/CNSESZ_STOCK/2017/2017-6/2017-06-10/3484557.PDF,董事会
2017-06-10,科陆电子：2017年面向合格投资者公开发行公司债券（第一期）2017年跟踪信用评级报告,http://file.finance.sina.com.cn/211.154.219.97:9494/MRGG/CNSESZ_STOCK/2017/2017-6/2017-06-10/3483427.PDF,其他
2017-06-10,科陆电子：2012年公司债券（第一期）、2014年公司债券（第一期）2017年跟踪信用评级报告,http://file.finance.sina.com.cn/211.154.219.97:9494/MRGG/CNSESZ_STOCK/2017/2017-6/2017-06-10/3483424.PDF,其他
2017-06-06,科陆电子：关于董事长向全体员工发出买入公司股票倡议书的公告,http://file.finance.sina.com.cn/211.154.219.97:9494/MRGG/CNSESZ_STOCK/2017/2017-6/2017-06-06/3471556.PDF,其他
2017-06-03,科陆电子：关于追加提供抵押担保的公告,http://file.finance.sina.com.cn/211.154.219.97:9494/MRGG/CNSESZ_STOCK/2017/2017-6/2017-06-03/3467740.PDF,其他
2017-06-03,科陆电子：关于通过委托贷款融资的公告,http://file.finance.sina.com.cn/211.154.219.97:9494/MRGG/CNSESZ_STOCK/2017/2017-6/2017-06-03/3467739.PDF,其他
2017-06-03,科陆电子：关于召开公司2017年第四次临时股东大会的通知,http://file.finance.sina.com.cn/211.154.219.97:9494/MRGG/CNSESZ_STOCK/2017/2017-6/2017-06-03/3467738.PDF,股东大会
2017-06-03,科陆电子：独立董事对公司第六届董事会第二十四次（临时）会议相关事项的独立意见,http://file.finance.sina.com.cn/211.154.219.97:9494/MRGG/CNSESZ_STOCK/2017/2017-6/2017-06-03/3467737.PDF,董事会
2017-06-03,科陆电子：第六届董事会第二十四次（临时）会议决议的公告,http://file.finance.sina.com.cn/211.154.219.97:9494/MRGG/CNSESZ_STOCK/2017/2017-6/2017-06-03/3467736.PDF,董事会
2017-06-02,科陆电子：关于竞得土地使用权的公告,http://file.finance.sina.com.cn/211.154.219.97:9494/MRGG/CNSESZ_STOCK/2017/2017-6/2017-06-02/3465296.PDF,其他
2017-05-27,科陆电子：关于向光大兴陇信托有限责任公司申请不超过3.5亿元信托贷款的公告,http://file.finance.sina.com.cn/211.154.219.97:9494/MRGG/CNSESZ_STOCK/2017/2017-5/2017-05-27/3456209.PDF,其他
2017-05-27,科陆电子：关于将部分募集资金转为通知存款和定期存款方式存放的公告,http://file.finance.sina.com.cn/211.154.219.97:9494/MRGG/CNSESZ_STOCK/2017/2017-5/2017-05-27/3456208.PDF,其他
2017-05-27,科陆电子：关于公司拟参与竞拍土地使用权的公告,http://file.finance.sina.com.cn/211.154.219.97:9494/MRGG/CNSESZ_STOCK/2017/2017-5/2017-05-27/3456207.PDF,其他
2017-05-27,科陆电子：关于对外转让债权的公告,http://file.finance.sina.com.cn/211.154.219.97:9494/MRGG/CNSESZ_STOCK/2017/2017-5/2017-05-27/3456206.PDF,其他
2017-05-27,科陆电子：独立董事对公司第六届董事会第二十三次（临时）会议相关事项的独立意见,http://file.finance.sina.com.cn/211.154.219.97:9494/MRGG/CNSESZ_STOCK/2017/2017-5/2017-05-27/3456205.PDF,董事会
2017-05-27,科陆电子：第六届董事会第二十三次（临时）会议决议的公告,http://file.finance.sina.com.cn/211.154.219.97:9494/MRGG/CNSESZ_STOCK/2017/2017-5/2017-05-27/3456201.PDF,董事会
2017-05-25,科陆电子：关于中标储能电站项目公告,http://file.finance.sina.com.cn/211.154.219.97:9494/MRGG/CNSESZ_STOCK/2017/2017-5/2017-05-25/3447386.PDF,其他
2017-05-20,科陆电子：2016年年度股东大会决议公告,http://file.finance.sina.com.cn/211.154.219.97:9494/MRGG/CNSESZ_STOCK/2017/2017-5/2017-05-20/3433165.PDF,股东大会
2017-05-20,科陆电子：2016年年度股东大会的法律意见书,http://file.finance.sina.com.cn/211.154.219.97:9494/MRGG/CNSESZ_STOCK/2017/2017-5/2017-05-20/3433142.PDF,股东大会
2017-05-18,科陆电子：关于签订募集资金四方监管协议的公告,http://file.finance.sina.com.cn/211.154.219.97:9494/MRGG/CNSESZ_STOCK/2017/2017-5/2017-05-18/3418696.PDF,其他
